# suite,benchmark,ns_per_point,cv — written by scripts/bench_run.sh baseline from the
# same docs/bench/*.json that produced the tables in space/irbem/BENCHMARKS.md.
# host: pop-os, g++ (Ubuntu 13.3.0-6ubuntu2~24.04.1) 13.3.0, device NVIDIA
# governor: powersave
# commit: 950e2e1, 2026-08-28
irbem-crossover,BM_cpu_trace_batch/1024/real_time,57908,0.0147
irbem-crossover,BM_cpu_trace_batch/16384/real_time,57712.7,0.0025
irbem-crossover,BM_cpu_trace_batch/256/real_time,58263.8,0.0123
irbem-crossover,BM_cpu_trace_batch/4096/real_time,57874.7,0.0286
irbem-crossover,BM_cpu_trace_batch/64/real_time,58579.9,0.0120
irbem-crossover,BM_cpu_trace_batch/65536/real_time,57730.9,0.0033
irbem-crossover,BM_gpu_trace_batch/1024/real_time,25677.4,0.2009
irbem-crossover,BM_gpu_trace_batch/16384/real_time,1524.09,0.1007
irbem-crossover,BM_gpu_trace_batch/256/real_time,66047.7,0.0769
irbem-crossover,BM_gpu_trace_batch/4096/real_time,4930.7,0.2452
irbem-crossover,BM_gpu_trace_batch/64/real_time,219129,0.1573
irbem-crossover,BM_gpu_trace_batch/65536/real_time,1306.96,0.0535
irbem-intensity,BM_cpu_dipole_field_host_batch/real_time,2.07383,0.0074
irbem-intensity,BM_cpu_igrf_batch/real_time,301.868,0.0298
irbem-intensity,BM_cpu_trace_batch/65536/real_time,58755.2,0.0327
irbem-intensity,BM_gpu_dipole_field_batch/real_time,4.18374,0.4049
irbem-intensity,BM_gpu_igrf_batch/real_time,12.0645,0.4327
irbem-intensity,BM_gpu_trace_batch/65536/real_time,1265.76,0.0219
irbem-per-routine,BM_cpu_calendar_date,6.26922,0.0109
irbem-per-routine,BM_cpu_car_to_sph,24.8488,0.0218
irbem-per-routine,BM_cpu_date_and_time_from_decimal_year,28.2145,0.0054
irbem-per-routine,BM_cpu_date_and_time_from_doy_and_ut,20.1779,0.0044
irbem-per-routine,BM_cpu_day_of_year,6.29886,0.0165
irbem-per-routine,BM_cpu_decimal_year,10.317,0.0180
irbem-per-routine,BM_cpu_dipole_field_at,3.07828,0.0187
irbem-per-routine,BM_cpu_dipole_field_host_batch/real_time,2.09264,0.0059
irbem-per-routine,BM_cpu_dipole_moment,1.32123,0.0158
irbem-per-routine,BM_cpu_gdz_to_geo,13.9838,0.0191
irbem-per-routine,BM_cpu_geo_to_gdz,84.9807,0.0030
irbem-per-routine,BM_cpu_geo_to_gei_cold,201.241,0.0187
irbem-per-routine,BM_cpu_geo_to_gei_hot,1.26007,0.0884
irbem-per-routine,BM_cpu_geo_to_gse_cold,202.243,0.0057
irbem-per-routine,BM_cpu_geo_to_gse_hot,1.10286,0.0237
irbem-per-routine,BM_cpu_geo_to_gsm_cold,202.887,0.0170
irbem-per-routine,BM_cpu_geo_to_gsm_hot,1.09681,0.0476
irbem-per-routine,BM_cpu_geo_to_mag_cold,203.508,0.0036
irbem-per-routine,BM_cpu_geo_to_mag_hot,1.14741,0.0265
irbem-per-routine,BM_cpu_geo_to_sm_cold,201.935,0.0037
irbem-per-routine,BM_cpu_geo_to_sm_hot,1.09559,0.0049
irbem-per-routine,BM_cpu_gse_to_hee_cold,83.1048,0.0171
irbem-per-routine,BM_cpu_gse_to_hee_hot,0.485508,0.0252
irbem-per-routine,BM_cpu_gsm_to_geo_cold,203.115,0.0141
irbem-per-routine,BM_cpu_gsm_to_geo_hot,1.24857,0.0038
irbem-per-routine,BM_cpu_gsm_to_sm_cold,203.864,0.0221
irbem-per-routine,BM_cpu_gsm_to_sm_hot,1.114,0.0227
irbem-per-routine,BM_cpu_hae_to_hee_cold,95.1966,0.0197
irbem-per-routine,BM_cpu_hae_to_hee_hot,1.51233,0.0482
irbem-per-routine,BM_cpu_hae_to_heeq_cold,120.81,0.0068
irbem-per-routine,BM_cpu_hae_to_heeq_hot,1.52054,0.0568
irbem-per-routine,BM_cpu_heeq_to_hae_cold,122.946,0.0157
irbem-per-routine,BM_cpu_heeq_to_hae_hot,1.52201,0.0039
irbem-per-routine,BM_cpu_hee_to_gse_cold,82.0319,0.0193
irbem-per-routine,BM_cpu_hee_to_gse_hot,0.497528,0.0047
irbem-per-routine,BM_cpu_hee_to_hae_cold,95.1089,0.0022
irbem-per-routine,BM_cpu_hee_to_hae_hot,1.53147,0.0619
irbem-per-routine,BM_cpu_helio_geometry,120.726,0.0025
irbem-per-routine,BM_cpu_igrf_at_deg13,48.3973,0.0262
irbem-per-routine,BM_cpu_igrf_batch/real_time,308.826,0.0096
irbem-per-routine,BM_cpu_igrf_evaluate_deg10,176.999,0.0075
irbem-per-routine,BM_cpu_igrf_evaluate_deg13,307.633,0.0145
irbem-per-routine,BM_cpu_igrf_evaluate_deg13_sph,329.776,0.0129
irbem-per-routine,BM_cpu_julian_day_number,4.75245,0.0043
irbem-per-routine,BM_cpu_mcilwain_l,38.4778,0.0161
irbem-per-routine,BM_cpu_rll_to_gdz,9.18956,0.0025
irbem-per-routine,BM_cpu_rotations_build,202.655,0.0173
irbem-per-routine,BM_cpu_sph_to_car,11.8516,0.0155
irbem-per-routine,BM_cpu_t89_field/0,63.6926,0.0171
irbem-per-routine,BM_cpu_t89_field/10,65.1404,0.0044
irbem-per-routine,BM_cpu_t89_field/20,65.4796,0.0051
irbem-per-routine,BM_cpu_t89_field/30,65.604,0.0146
irbem-per-routine,BM_cpu_t89_field/40,65.7378,0.0154
irbem-per-routine,BM_cpu_t89_field/50,65.1623,0.0048
irbem-per-routine,BM_cpu_t89_field/60,64.8004,0.0039
irbem-per-routine,BM_cpu_t89_field/70,64.2919,0.0051
irbem-per-routine,BM_cpu_t89_field/80,64.3091,0.0133
irbem-per-routine,BM_cpu_t89_field/90,64.5304,0.0070
irbem-per-routine,BM_cpu_trace_batch/1024/real_time,60042.1,0.0207
irbem-per-routine,BM_cpu_trace_batch/16384/real_time,59144.3,0.0227
irbem-per-routine,BM_cpu_trace_batch/256/real_time,58916.4,0.0147
irbem-per-routine,BM_cpu_trace_batch/4096/real_time,58693.2,0.0225
irbem-per-routine,BM_cpu_trace_batch/64/real_time,59804.3,0.0179
irbem-per-routine,BM_cpu_trace_batch/65536/real_time,58921.2,0.0150
irbem-per-routine,BM_cpu_trace_invariant,58511.3,0.0169
irbem-per-routine,BM_gpu_dipole_field_batch/real_time,3.53678,0.4417
irbem-per-routine,BM_gpu_igrf_batch/real_time,48.6715,1.1551
irbem-per-routine,BM_gpu_trace_batch/1024/real_time,22947.5,0.2661
irbem-per-routine,BM_gpu_trace_batch/16384/real_time,1560.61,0.0650
irbem-per-routine,BM_gpu_trace_batch/256/real_time,91580.7,0.2671
irbem-per-routine,BM_gpu_trace_batch/4096/real_time,4139.92,0.1559
irbem-per-routine,BM_gpu_trace_batch/64/real_time,251279,0.3342
irbem-per-routine,BM_gpu_trace_batch/65536/real_time,1256.54,0.0143
irbem-per-routine,BM_irbem_caldat,10.0963,0.0052
irbem-per-routine,BM_irbem_car_sph,21.3155,0.0084
irbem-per-routine,BM_irbem_date_and_time2decy,10.1393,0.0199
irbem-per-routine,BM_irbem_decy2date_and_time,13.8441,0.0217
irbem-per-routine,BM_irbem_doy_and_ut2date_and_time,17.5822,0.0212
irbem-per-routine,BM_irbem_gdz_geo,16.264,0.0065
irbem-per-routine,BM_irbem_geo2gei,445.532,0.0074
irbem-per-routine,BM_irbem_geo2gse,445.171,0.0184
irbem-per-routine,BM_irbem_geo2gsm,445.635,0.0061
irbem-per-routine,BM_irbem_geo2mag,312.078,0.0061
irbem-per-routine,BM_irbem_geo2sm,447.533,0.0163
irbem-per-routine,BM_irbem_geo_gdz,120.324,0.0050
irbem-per-routine,BM_irbem_get_doy,6.17459,0.0155
irbem-per-routine,BM_irbem_get_field_dipole,641.406,0.0093
irbem-per-routine,BM_irbem_get_field_igrf,778.705,0.0130
irbem-per-routine,BM_irbem_get_field_t89/0,893.504,0.0190
irbem-per-routine,BM_irbem_get_field_t89/10,888.839,0.0108
irbem-per-routine,BM_irbem_get_field_t89/20,877.239,0.0058
irbem-per-routine,BM_irbem_get_field_t89/30,882.921,0.0152
irbem-per-routine,BM_irbem_get_field_t89/40,879.823,0.0025
irbem-per-routine,BM_irbem_get_field_t89/50,878.525,0.0018
irbem-per-routine,BM_irbem_get_field_t89/60,877.423,0.0252
irbem-per-routine,BM_irbem_get_field_t89/70,882.896,0.0104
irbem-per-routine,BM_irbem_get_field_t89/80,877.861,0.0179
irbem-per-routine,BM_irbem_get_field_t89/90,876.268,0.0035
irbem-per-routine,BM_irbem_gse2hee,162.425,0.0125
irbem-per-routine,BM_irbem_gsm2geo,445.536,0.0150
irbem-per-routine,BM_irbem_gsm2sm,444.888,0.0164
irbem-per-routine,BM_irbem_hae2hee,163.035,0.0178
irbem-per-routine,BM_irbem_hae2heeq,160.924,0.0015
irbem-per-routine,BM_irbem_hee2gse,162.689,0.0043
irbem-per-routine,BM_irbem_hee2hae,163.107,0.0039
irbem-per-routine,BM_irbem_heeq2hae,160.939,0.0048
irbem-per-routine,BM_irbem_julday,2.69452,0.0064
irbem-per-routine,BM_irbem_make_lstar_full,1.38741e+07,0.0298
irbem-per-routine,BM_irbem_make_lstar_pitch,551361,0.0179
irbem-per-routine,BM_irbem_make_lstar_trace,15598.8,0.0329
irbem-per-routine,BM_irbem_rll_gdz,12.0797,0.0074
irbem-per-routine,BM_irbem_sph_car,16.1267,0.0032
